{
  "epg":{
          "images":{
                    "value": "pass",
                    "config_file": true,
                    "config_web": true
                },
          "method":{
                    "value": "blocks",
                    "config_file": true,
                    "config_web": true
                },
          "update_frequency":{
                    "value": 43200,
                    "config_file": true,
                    "config_web": true
                },
          "reverse_days": {
                          "value": -1,
                          "config_file": true,
                          "config_web": true
                        },
          "forward_days": {
                          "value": 7,
                          "config_file": true,
                          "config_web": true
                        },
          "block_size": {
                          "value": 1800,
                          "config_file": true,
                          "config_web": true
                        }
                        ,
          "xmltv_offset": {
                          "value": "+0000",
                          "config_file": true,
                          "config_web": true
                        }
  }
}
