{
  "fhdhr":{
          "address":{
                    "value": "0.0.0.0",
                    "config_file": true,
                    "config_web": true
                },
          "discovery_address":{
                              "value": "none",
                              "config_file": true,
                              "config_web": true
                              },
          "port":{
                  "value": 5004,
                  "config_file": true,
                  "config_web": true
                },
          "reporting_manufacturer":{
                                    "value": "BoronDust",
                                    "config_file": true,
                                    "config_web": true
                                  },
          "reporting_model":{
                              "value": "fHDHR",
                              "config_file": true,
                              "config_web": true
                            },
          "reporting_firmware_ver":{
                                    "value": "20201001",
                                    "config_file": true,
                                    "config_web": true
                                  },
          "reporting_tuner_type":{
                                  "value": "Antenna",
                                  "config_file": true,
                                  "config_web": true
                                },
          "device_auth":{
                        "value": "fHDHR",
                        "config_file": true,
                        "config_web": true
                      },
          "require_auth":{
                          "value": false,
                          "config_file": true,
                          "config_web": true
                        },
          "chanscan_on_start":{
                    "value": true,
                    "config_file": true,
                    "config_web": true
                },
          "friendlyname":{
                    "value": "fHDHR",
                    "config_file": true,
                    "config_web": true
                },
          "tuner_count":{
                  "value": 4,
                  "config_file": true,
                  "config_web": true
                },
          "reporting_firmware_name":{
                                    "value": "fHDHR",
                                    "config_file": true,
                                    "config_web": true
                                  }
  }
}
