{
  "main":{
          "uuid":{
                "value": "none",
                "config_file": true,
                "config_web": false
                },
          "cache_dir":{
                      "value": "none",
                      "config_file": true,
                      "config_web": true
                    },
          "servicename":{
                "value": "fHDHR",
                "config_file": false,
                "config_web": false
                },
          "dictpopname":{
                      "value": "fHDHR",
                      "config_file": false,
                      "config_web": false
                    },
          "reponame":{
                          "value": "fHDHR",
                          "config_file": false,
                          "config_web": false
                        }
  }
}
