{
  "streaming":{
                "bytes_per_read": {
                                  "value": 1152000,
                                  "config_file": true,
                                  "config_web": true
                },
                "origin_quality": {
                              "value": "none",
                              "config_file": true,
                              "config_web": true
                },
                "transcode_quality": {
                              "value": "none",
                              "config_file": true,
                              "config_web": true
                },
                "method": {
                              "value": "direct",
                              "config_file": true,
                              "config_web": true
                }
              }
}
