{
  "web_ui":{
            "theme":{
                      "value": "none",
                      "config_file": true,
                      "config_web": true
                  },
            "access_level":{
                      "value": 0,
                      "config_file": true,
                      "config_web": true
                  }
                  ,
            "cluster_bar":{
                      "value": true,
                      "config_file": true,
                      "config_web": true
                  }
  }
}
